summary,duration,realLikeCount
count,18530,18530
mean,85687.76296616116,97996.92136226252
stddev,86552.48335434603,213463.50605770966
